00:00:00|Marvel83 - Synthetic Nights
00:05:30|Marvel83 - Lost Highway
00:09:37|Marvel83 - Roller Coaster
00:14:48|Marvel83 - In Between
00:18:07|Marvel83 - Venice Beach
00:22:06|Marvel83 - Laguna Hills
00:26:05|Marvel83 - West Side Story
00:30:24|Marvel83 - Flowers of Edinburgh
00:34:44|Marvel83 - Every Evening
00:38:15|Marvel83 - Genesis
00:41:45|Marvel83 - NYC Sunrise
00:46:16|Marvel83 - Closer To The Sky
00:50:13|Marvel83 - East Side Highway
00:54:00|Marvel83 - 2049
00:58:16|Marvel83 - Westlake High '85
